{
  "alpha": 0.10072068693572007,
  "gamma": 0.97,
  "epsilon": 0.7025591078226193,
  "epsilon_decay": 0.9959981857773192,
  "epsilon_min": 0.07479971685993642,
  "alpha_decay": 0.9249858141908409,
  "alpha_min": 0.05,
  "reward_scaling": 1.1459615091895823,
  "exploration_bonus": 0.3503414025798738
}