{
  "alpha": 0.1,
  "gamma": 0.95,
  "epsilon": 0.9,
  "epsilon_decay": 0.995,
  "epsilon_min": 0.05,
  "alpha_decay": 0.95,
  "alpha_min": 0.01,
  "reward_scaling": 1.4616519540056323,
  "exploration_bonus": 0.2,
  "lr_actor": 0.0008827195217450087,
  "lr_critic": 0.001647399179443252,
  "tau": 0.005299118784809352
}