{
  "optimization_method": "Loaded from File",
  "best_hyperparams": {
    "alpha": 0.17239538799929688,
    "gamma": 0.99,
    "epsilon": 0.7100408615052299,
    "epsilon_decay": 0.9902617751681031,
    "epsilon_min": 0.07686492839700866,
    "alpha_decay": 0.9395297794549381,
    "alpha_min": 0.05,
    "reward_scaling": 1.0340741158475086,
    "exploration_bonus": 0.4691599879977436
  },
  "baseline_stats": {
    "mean_return": 91.11426848764775,
    "std_return": 30.444633269069875,
    "mean_foods": 2.055,
    "std_foods": 0.8496911203490359,
    "mean_length": 33.825,
    "success_rate": 0.34,
    "median_return": 89.62729891763928
  },
  "final_stats": {
    "mean_return": 109.70805987606028,
    "std_return": 31.528081968775624,
    "mean_foods": 2.28,
    "std_foods": 1.0225458424931373,
    "mean_length": 24.946,
    "success_rate": 0.648,
    "median_return": 126.21996293516762
  },
  "improvement": {
    "return": 18.593791388412527,
    "foods": 0.22499999999999964,
    "success_rate": 0.308
  },
  "all_results": []
}