{
  "baseline_stats": {
    "mean_return": 53.0610240712642,
    "std_return": 16.15008104663179,
    "mean_foods": 0.7013333333333333,
    "success_rate": 0.35
  },
  "iql_stats": {
    "mean_return": 60.96901477816526,
    "std_return": 16.953984436916716,
    "mean_foods": 0.7626666666666667,
    "success_rate": 0.578
  },
  "maddpg_stats": {
    "mean_return": 69.04903871095775,
    "std_return": 3.7156706567708566,
    "mean_foods": 0.996,
    "success_rate": 0.996
  },
  "qmix_stats": {
    "mean_return": 69.90914546721754,
    "std_return": 8.953546505259506,
    "mean_foods": 0.96,
    "success_rate": 0.93
  },
  "iql_improvement": {
    "mean_return": 7.90799070690106,
    "mean_foods": 0.06133333333333346,
    "success_rate": 0.22799999999999998
  },
  "maddpg_improvement": {
    "mean_return": 15.988014639693546,
    "mean_foods": 0.29466666666666674,
    "success_rate": 0.646
  },
  "qmix_improvement": {
    "mean_return": 16.848121395953342,
    "mean_foods": 0.2586666666666667,
    "success_rate": 0.5800000000000001
  }
}