{
  "baseline_stats": {
    "mean_return": 53.0610240712642,
    "std_return": 16.15008104663179,
    "mean_foods": 0.7013333333333333,
    "success_rate": 0.35
  },
  "iql_stats": {
    "mean_return": 60.96901477816526,
    "std_return": 16.953984436916716,
    "mean_foods": 0.7626666666666667,
    "success_rate": 0.578
  },
  "maddpg_stats": {
    "mean_return": 70.70337008076523,
    "std_return": 3.3355554603458857,
    "mean_foods": 0.994,
    "success_rate": 0.992
  },
  "qmix_stats": {
    "mean_return": 70.2719974640631,
    "std_return": 7.148172119698841,
    "mean_foods": 0.962,
    "success_rate": 0.96
  },
  "iql_improvement": {
    "mean_return": 7.90799070690106,
    "mean_foods": 0.06133333333333346,
    "success_rate": 0.22799999999999998
  },
  "maddpg_improvement": {
    "mean_return": 17.642346009501026,
    "mean_foods": 0.29266666666666674,
    "success_rate": 0.642
  },
  "qmix_improvement": {
    "mean_return": 17.210973392798905,
    "mean_foods": 0.2606666666666667,
    "success_rate": 0.61
  }
}