{
  "baseline_stats": {
    "mean_return": 53.0610240712642,
    "std_return": 16.15008104663179,
    "mean_foods": 0.7013333333333333,
    "success_rate": 0.35
  },
  "iql_stats": {
    "mean_return": 60.96901477816526,
    "std_return": 16.953984436916716,
    "mean_foods": 0.7626666666666667,
    "success_rate": 0.578
  },
  "maddpg_stats": {
    "mean_return": 69.99405277766427,
    "std_return": 4.462644786972873,
    "mean_foods": 0.9906666666666666,
    "success_rate": 0.988
  },
  "iql_improvement": {
    "mean_return": 7.90799070690106,
    "mean_foods": 0.06133333333333346,
    "success_rate": 0.22799999999999998
  },
  "maddpg_improvement": {
    "mean_return": 16.933028706400066,
    "mean_foods": 0.28933333333333333,
    "success_rate": 0.638
  }
}