{
  "alpha": 0.17239538799929688,
  "gamma": 0.99,
  "epsilon": 0.7100408615052299,
  "epsilon_decay": 0.9902617751681031,
  "epsilon_min": 0.07686492839700866,
  "alpha_decay": 0.9395297794549381,
  "alpha_min": 0.05,
  "reward_scaling": 1.0340741158475086,
  "exploration_bonus": 0.4691599879977436
}