{
  "alpha": 0.361692902069313,
  "gamma": 0.97,
  "epsilon": 0.8199957663822479,
  "epsilon_decay": 0.9974443517595349,
  "epsilon_min": 0.06719890975191015,
  "alpha_decay": 0.9749595200817246,
  "alpha_min": 0.05,
  "reward_scaling": 1.008495007900272,
  "exploration_bonus": 0.4799197413848012
}